movie_name,movie_url,movie_opening,movie_weekend,movie_first_week,movie_total_collection,movie_worlwide,movie_genre,movie_release_date & movie length,movie_banner,movie_director,movie_director_url,movie_producer,movie_moviedetails,movie_actors
Angrezi Medium,https://www.bollywoodmdb.com/movies/hindi-medium-2/16445,: 4.03 cr,: 9.03 cr,: 9.36 cr,: 9.36 cr,: 13.50 cr,"Drama, Comedy","13 March, 2020 | 2 hrs 25 mins","Banner : Maddock Films, Jio Studios",Homi Adajania,https://www.bollywoodmdb.com/celebrities/homi-adajania/13608,"Producer : Dinesh Vijan , Jyoti Deshpande","When his daughter decides to further her studies in London, a hardworking Rajasthani businessman does everything in power to make her dreams come true.","Star : Irrfan Khan , Radhika Madan, Kareena Kapoor"
Baaghi 3,https://www.bollywoodmdb.com/movies/baaghi-3/16444,: 17.50 cr,: 53.83 cr,: 90.67 cr,: 93.37 cr,: 137 cr,Action,"06 March, 2020 | 2 hrs 27 mins","Banner : Nadiadwala Grandson Entertainment, Fox Star Studios",Ahmed Khan,https://www.bollywoodmdb.com/celebrities/ahmed-khan/4219,Producer : Sajid Nadiadwala,A man embarks on a bloody rampage to save his kidnapped brother.,"Star : Tiger Shroff , Shraddha Kapoor, Riteish Deshmukh"
Thappad,https://www.bollywoodmdb.com/movies/thappad/16643,: 3.07 cr,: 14.66 cr,: 22.79 cr,: 30.61 cr,: 44.50 cr,"Drama, Social","28 February, 2020 | 2 hrs 22 mins","Banner : Benaras Media Works, T-Series Super Cassettes Industries Ltd.",Anubhav Sinha,https://www.bollywoodmdb.com/celebrities/anubhav-sinha/4215,"Producer : Bhushan Kumar , Krishan Kumar, Anubhav Sinha",Thappad is a story of Amrita whose seemingly perfect life is shattered when her husband slaps her once in a party. But is one slap enough to question what a relationship stands for?,"Star : Taapsee Pannu , Pavail Gulati, Dia Mirza"
Shubh Mangal Zyada Saavdhan,https://www.bollywoodmdb.com/movies/shubh-mangal-zyada-saavdhan/16586,: 9.55 cr,: 32.66 cr,: 44.84 cr,: 62.78 cr,: 86.39 cr,"Comedy, Romance","21 February, 2020 | 2 hrs","Banner : Colour Yellow Productions Pvt Ltd, T-Series Super Cassettes Industries Ltd.",Hitesh Kewalya,https://www.bollywoodmdb.com/celebrities/hitesh-kewalya/35183,"Producer : Aanand L Rai , Himanshu Sharma, Bhushan Kumar","The road to achieving a happy ending is a little too rough for Kartik and Aman. While Aman's family tries hard to battle his love for Kartik, Kartik isn't prepared to step back until he marries Aman.","Star : Ayushman Khurana , Jitendra Kumar, Gajraj Rao"
Bhoot: Part One - The Haunted Ship,https://www.bollywoodmdb.com/movies/bhoot-part-one-the-haunted-ship/16606,: 5.10 cr,: 16.36 cr,: 24.18 cr,: 31.97 cr,: 40.94 cr,Horror,"21 February, 2020 | 1 hrs 57 mins","Banner : Dharma Productions, Zee Studios",Bhanu Pratap Singh,https://www.bollywoodmdb.com/celebrities/bhanu-pratap-singh/36834,"Producer : Hiroo Johar , Karan Johar, Apoorva Mehta",A couple is trapped on an abandoned ship lying static on a beach.,"Star : Vicky Kaushal , Bhumi Pednekar, Ashutosh Rana"
Love Aaj Kal,https://www.bollywoodmdb.com/movies/aaj-kal/16576,: 12 cr,: 26 cr,: 32.60 cr,: 34.99 cr,: 52.60 cr,Romance,"14 February, 2020 | 2 hrs 21 mins","Banner : Maddock Films, Jio Studios, Reliance Entertainment",Imtiaz Ali,https://www.bollywoodmdb.com/celebrities/imtiaz-ali/4483,"Producer : Dinesh Vijan , Imtiaz Ali","Two different individuals on a journey of love, loss and life through the phases of Reincarnation.","Star : Kartik Aaryan , Sara Ali Khan, Arushi Sharma"
Malang,https://www.bollywoodmdb.com/movies/malang/16343,: 6.71 cr,: 25.36 cr,: 39.65 cr,: 58.04 cr,: 76.30 cr,"Romance, Action","07 February, 2020 | 2 hrs 14 mins","Banner : Luv Films, Northern Lights Films, T-Series Super Cassettes Industries Ltd.",Mohit Suri,https://www.bollywoodmdb.com/celebrities/mohit-suri/4646,"Producer : Bhushan Kumar , Krishan Kumar, Luv Ranjan","Advait visits Goa where he meets Sara, a free-spirited girl who lives life unshackled. Opposites attract and all goes well until life turns upside down. Years later, Advait is on a killing spree with cops Aghase and Michael in his way.","Star : Aditya Roy Kapur , Disha Patani, Anil Kapoor"
Shikara,https://www.bollywoodmdb.com/movies/shikara-a-love-letter-from-kashmir/16657,: 1.20 cr,: 4.95 cr,: 6.70 cr,: 7.95 cr,: ---,"Drama, Romance","07 February, 2020 | 2 hrs",Banner : Fox Star Studios,Vidhu Vinod Chopra,https://www.bollywoodmdb.com/celebrities/vidhu-vinod-chopra/5247,Producer : Vidhu Vinod Chopra,Shikara is the story of resilience in the face of insurmountable odds. It's also the story of a love that remains unextinguished through 30 years of exile. A timeless love story in the worst of times.,"Star : Sadia , Aadil Khan"
Jawaani Jaaneman,https://www.bollywoodmdb.com/movies/jawani-janeman/16525,: 3.24 cr,: 12.83 cr,: 20.21 cr,: 27.91 cr,: 43.83 cr,"Comedy, Drama","31 January, 2020 | 1 hrs 59 mins","Banner : Pooja Entertainment, Black Knight Films, Northern Lights Films",Nitin Kakkar,https://www.bollywoodmdb.com/celebrities/nitin-kakkar/29626,"Producer : Jackky Bhagnani , Deepshikha Deshmukh, Saif Ali Khan",A 40 year-old playboy's life turns upside down when he comes to know that he has a 20 something year-old daughter.,"Star : Saif Ali Khan , Alaya F, Tabu"
Panga,https://www.bollywoodmdb.com/movies/panga/16513,: 2.70 cr,: 14.91 cr,: 21.36 cr,: 25.64 cr,: 41.58 cr,"Sports, Drama","24 January, 2020 | 2 hrs 9 mins",Banner : Fox Star Studios,Ashwiny Iyer Tiwari,https://www.bollywoodmdb.com/celebrities/ashwiny-iyer-tiwari/34210,Producer : Fox Star Studios,"Panga is inspired from the life of a national level Kabbadi player from India. It follows her triumphs, struggle and overcoming of stereotypes. It shows how important the love and support of your family is for you to be successful.","Star : Kangana Ranaut , Jassie Gill, Richa Chadda"
Street Dancer 3D,https://www.bollywoodmdb.com/movies/varun-dhawan-katrina-kaif-s-next/16451,: 10.26 cr,: 41.23 cr,: 56.77 cr,: 74.22 cr,: 95.70 cr,Dance,"24 January, 2020 | 2 hrs 24 mins","Banner : T-Series Super Cassettes Industries Ltd., Remo D'Souza Entertainment",Remo D'Souza,https://www.bollywoodmdb.com/celebrities/remo-d-souza/23614,"Producer : Bhushan Kumar , Divya Khosla Kumar, Krishan Kumar",A coming-of-age story based on the lives of street dancers.,"Star : Varun Dhawan , Shraddha Kapoor, Prabhu Deva"
Tanhaji: The Unsung Warrior,https://www.bollywoodmdb.com/movies/taanaji-the-unsung-warrior/16366,: 15.10 cr,: 61.75 cr,: 118.91 cr,: 276.90 cr,: 341 cr,"Historical, Action","10 January, 2020 | 2 hrs 14 mins","Banner : T-Series Super Cassettes Industries Ltd., Ajay Devgn Ffilms",Om Raut,https://www.bollywoodmdb.com/celebrities/om-raut/23786,"Producer : Ajay Devgn , Bhushan Kumar, Krishan Kumar","It is based on the life of Tanaji Malusare, a 17th-century Maharashtrian Marathi military leader.","Star : Ajay Devgn , Saif Ali Khan, Kajol"
Chhapaak,https://www.bollywoodmdb.com/movies/chhapaak/16542,: 4.77 cr,: 19.02 cr,: 28.38 cr,: 32.48 cr,: 55.38 cr,Drama,"10 January, 2020 | 2 hrs 3 mins","Banner : Fox Star Studios, Ka Productions, Mriga Films",Meghna Gulzar,https://www.bollywoodmdb.com/celebrities/meghna-gulzar/4641,"Producer : Fox Star Studios , Deepika Padukone, Govind Singh Sandhu","The trials and triumphs of Malti, an acid attack survivor. From the investigation of the attack to the court proceedings, the medical treatment to the emotional healing. Chhapaak is the story of the unquashable human spirit.","Star : Deepika Padukone , Vikrant Massey, Madhurjeet Sarghi"
Good Newwz,https://www.bollywoodmdb.com/movies/good-news/16504,: 17.56 cr,: 64.99 cr,: 127.90 cr,: 201.14 cr,: 304.71 cr,Comedy,"27 December, 2019 | 2 hrs 14 mins","Banner : Dharma Productions, Cape of Good Films, Zee Studios",Raj Mehta,https://www.bollywoodmdb.com/celebrities/raj-mehta/36240,"Producer : Hiroo Johar , Aruna Bhatia, Karan Johar",Two couples with the same surnames pursue in-vitro fertilization and wait for their upcoming babies. Trouble ensues when they find that the sperms of each couple have been mixed with each other.,"Star : Akshay Kumar , Kareena Kapoor, Diljit Dosanjh"
Dabangg 3,https://www.bollywoodmdb.com/movies/dabangg-3/16074,: 24.50 cr,: 81.15 cr,: 126.55 cr,: 145.90 cr,: 212.87 cr,Action,"20 December, 2019 | 2 hrs 43 mins","Banner : Salman Khan Films, Saffron Broadcast & Media Limited, Arbaaz Khan Productions",Prabhu Deva,https://www.bollywoodmdb.com/celebrities/prabhu-deva/7003,"Producer : Salma Khan , Arbaaz Khan, Nikhil Dwivedi","Chulbul Pandey encounters an enemy from his past, and his origin story as the fearless cop unfolds.","Star : Salman Khan , Sonakshi Sinha, Saiee M Manjrekar"
Mardaani 2,https://www.bollywoodmdb.com/movies/mardaani-2/16541,: 3.80 cr,: 18.15 cr,: 28.05 cr,: 47.51 cr,: 66.86 cr,"Crime, Action, Thriller","13 December, 2019 | 1 hrs 46 mins",Banner : Yash Raj Films,Gopi Puthran,https://www.bollywoodmdb.com/celebrities/gopi-puthran/24517,Producer : Aditya Chopra,"Shivani Shivaji Roy locks horns with the devil incarnate, a young & remorseless serial killer who is raping & murdering young women.","Star : Rani Mukherjee , Vishal Jethwa, Shruti Bapna"
Pati Patni Aur Woh,https://www.bollywoodmdb.com/movies/pati-patni-aur-woh/16551,: 9.10 cr,: 35.94 cr,: 55.97 cr,: 86.77 cr,: 115.56 cr,Comedy,"06 December, 2019 | 2 hrs 8 mins","Banner : B R Studios, T-Series Super Cassettes Industries Ltd.",Mudassar Aziz,https://www.bollywoodmdb.com/celebrities/mudassar-aziz/9650,"Producer : Bhushan Kumar , Renu Ravi Chopra, Krishan Kumar","Chintu Tyagi is an ordinary, middle class man who finds himself torn between his wife and another woman.","Star : Kartik Aaryan , Bhumi Pednekar, Ananya Panday"
Panipat,https://www.bollywoodmdb.com/movies/panipat/16449,: 4.12 cr,: 17.68 cr,: 25.68 cr,: 34.28 cr,: 49.29 cr,"Historical, war, Action","06 December, 2019 | 2 hrs 42 mins","Banner : Ashutosh Gowariker Productions, Vision World",Ashutosh Gowariker,https://www.bollywoodmdb.com/celebrities/ashutosh-gowariker/138,"Producer : Sunita Gowariker , Rohit Shelatkar","The film is based on the third battle of Panipat which took place on the 14 of January in 1761 between the Marathas and the King of Afghanistan, Ahmad Shah Abdali.","Star : Sanjay Dutt , Arjun Kapoor, Kriti Sanon"
Commando 3,https://www.bollywoodmdb.com/movies/commando-3/16562,: 4.74 cr,: 18.33 cr,: 29.24 cr,: 32.44 cr,: 40.15 cr,Action,"29 November, 2019 | 2 hrs 13 mins","Banner : Sunshine Pictures Pvt. Ltd, Reliance Entertainment, Motion Picture Capital",Aditya Datt,https://www.bollywoodmdb.com/celebrities/aditya-datt/4194,"Producer : Vipul Shah , Reliance Entertainment, Motion Picture Capital",,"Star : Vidyut Jamwal , Adah Sharma, Angira Dhar"
Marjaavaan,https://www.bollywoodmdb.com/movies/marjaavaan/16531,: 7.03 cr,: 24.42 cr,: 37.87 cr,: 48.37 cr,: 65.34 cr,"Action, Romance, Drama","15 November, 2019 | 2 hrs 17 mins","Banner : Emmay Entertainment Pvt. Ltd, T-Series Super Cassettes Industries Ltd.",Milap Zaveri,https://www.bollywoodmdb.com/celebrities/milap-zaveri/10405,"Producer : Bhushan Kumar , Divya Khosla Kumar, Krishan Kumar",Raghu and Zoya are enjoying their lives together until a gang leader with harmful intentions turns their world upside down.,"Star : Siddharth Malhotra , Riteish Deshmukh, Tara Sutaria"
Bala,https://www.bollywoodmdb.com/movies/bala/16539,: 10.15 cr,: 43.95 cr,: 72.24 cr,: 115.28 cr,: 169.67 cr,Comedy,"08 November, 2019 | 2 hrs 9 mins","Banner : Maddock Films, Jio Studios",Amar Kaushik,https://www.bollywoodmdb.com/celebrities/amar-kaushik/25266,Producer : Dinesh Vijan,It tells the story of a man who is balding prematurely and how he copes up with the situation.,"Star : Ayushman Khurana , Bhumi Pednekar, Yami Gautam"
Ujda Chaman,https://www.bollywoodmdb.com/movies/ujda-chaman/16647,: 02.35 cr,: 09.50 cr,: 09.50 cr,: 12.00 cr,: ---,"Comedy, Drama","01 November, 2019 | 2 hrs",Banner : Panorama Studios,Abhishek Pathak,https://www.bollywoodmdb.com/celebrities/abhishek-pathak/25318,"Producer : Kumar Mangat Pathak , Abhishek Pathak",Chaman Kohli is 30 -year-old bachelor with Premature Balding and in quest of a beautiful wife. Chaman hits rock bottom when an astrologer gives him a deadline to find himself a wife or remain a celibate forever.,"Star : Sunny Singh Nijjar , Maanvi Gagroo, Saurabh Shukla"
Housefull 4,https://www.bollywoodmdb.com/movies/housefull-4/16406,: 16.50 cr,: 46.50 cr,: 129.35 cr,: 194.59 cr,: 279.11 cr,Comedy,"25 October, 2019 | 2 hrs 22 mins","Banner : Nadiadwala Grandson Entertainment, Fox Star Studios",Farhad Samji,https://www.bollywoodmdb.com/celebrities/farhad-samji/34426,"Producer : Sajid Nadiadwala , Firuzi Khan","A set of three brothers are due to marry a set of three sisters, until one of the brothers starts to realize that they are all reincarnations from 600 years earlier and the wrong couples are about to get married.","Star : Akshay Kumar , Riteish Deshmukh, Bobby Deol"
Saand Ki Aankh,https://www.bollywoodmdb.com/movies/saand-ki-aankh/16559,: 0.48 cr,: 2.47 cr,: 11.68 cr,: 23.39 cr,: 30.63 cr,Biographical,"25 October, 2019 | 2 hrs 29 mins","Banner : Reliance Entertainment, Chalk and Cheese Films",Tushar Hiranandani,https://www.bollywoodmdb.com/celebrities/tushar-hiranandani/10406,"Producer : Reliance Entertainment , Anurag Kashyap, Nidhi Parmar","Both over the age of 60, Chandro Tomar and Prakashi Tomar inspire other women in India when they demonstrate their expert sharpshooting skills.","Star : Taapsee Pannu , Bhumi Pednekar, Prakash Jha"
The Sky Is Pink,https://www.bollywoodmdb.com/movies/the-sky-is-pink/16502,: 2.50 cr,: 10.40 cr,: 15.15 cr,: 20.03 cr,: 34.41 cr,Biographical,"11 October, 2019 | 2 hrs 29 mins","Banner : RSVP, Roy Kapur Films, Purple Pebble Pictures",Shonali Bose,https://www.bollywoodmdb.com/celebrities/shonali-bose/13285,"Producer : Siddharth Roy Kapur , Ronnie Screwvala","It is based on the love story of a couple spanning 25 years, told through the lens of their spunky teenage daughter Aisha Chaudhary, who was diagnosed with a Pulmonary fibrosis","Star : Priyanka Chopra , Farhan Akhtar, Zaira Wasim"
Sye Raa Narasimha Reddy,https://www.bollywoodmdb.com/movies/sye-raa-narasimha-reddy/16630,: 2.60 cr,: ---,: ---,: 2.60 cr,: ---,"Historical, Action","02 October, 2019 | 2 hrs 50 mins","Banner : Konidela Production Company, Excel Entertainment",Surender Reddy,https://www.bollywoodmdb.com/celebrities/surender-reddy/36889,Producer : Ram Charan,"A historical action epic inspired by the life of Uyyalawada Narasimha Reddy, who revolted against the atrocities of East India Company 10 years before the Sepoy Mutiny.","Star : Chiranjeevi , Amitabh Bachchan, Nayanthara"
War,https://www.bollywoodmdb.com/movies/siddharth-anand-s-next/16395,: 53.35 cr,: 166.25 cr,: 238.35 cr,: 318.01 cr,: 455 cr,"Action, Thriller","02 October, 2019 | 2 hrs 36 mins",Banner : Yash Raj Films,Siddharth Anand,https://www.bollywoodmdb.com/celebrities/siddharth-anand/36907,Producer : Aditya Chopra,"The film follows an Indian soldier who is assigned to eliminate his former mentor, who had gone rogue.","Star : Hrithik Roshan , Tiger Shroff, Vaani Kapoor"
Pal Pal Dil Ke Paas,https://www.bollywoodmdb.com/movies/pal-pal-dil-ke-paas/16339,: 1.25 cr,: 4.80 cr,: 4.80 cr,: 4.80 cr,: ---,"Romance, Drama","20 September, 2019 | 2 hrs 33 mins","Banner : Zee Studios, Sunny Sounds Pvt Ltd",Sunny Deol,https://www.bollywoodmdb.com/celebrities/sunny-deol/711,"Producer : Zee Studios , Sunny Sounds Pvt Ltd","When video blogger Saher Sethi embarks on a tedious trek with mountaineer Karan Sehgal, sparks are bound to fly. But will their love story blossom despite the odds?","Star : Karan Deol , Sahher Bambba, Aakash Ahuja"
Section 375,https://www.bollywoodmdb.com/movies/section-375/16550,: 1.45 cr,: 8.04 cr,: 12.49 cr,: 12.49 cr,: 22.30 cr,Drama,"13 September, 2019 | 2 hrs 4 mins","Banner : Panorama Studios, SCIPL",Ajay Bahl,https://www.bollywoodmdb.com/celebrities/ajay-bahl/29550,"Producer : Kumar Mangat Pathak , Abhishek Pathak, SCIPL","A celebrated Bollywood director Rohan Khurana stands accused by a female member of his crew, Anjali Dangle of having raped her at his residence.","Star : Akshaye Khanna , Richa Chadda, Rahul Bhat"
Dream Girl,https://www.bollywoodmdb.com/movies/dream-girl/16538,: 10.05 cr,: 44.57 cr,: 72.20 cr,: 139.70 cr,: 128.24 cr,Comedy,"13 September, 2019 | 2 hrs 12 mins",Banner : Balaji Motion Pictures,Raaj Shaandilyaa,https://www.bollywoodmdb.com/celebrities/raaj-shaandilyaa/34572,"Producer : Shobha Kapoor , Ekta Kapoor","Rom-com Movie, directed by Raaj Shaandilyaa, stars Ayushmann Khurrana who plays a 'dream girl'. In every love story, there is always one trying to win the heart of the other, who could be the 'dream girl'.","Star : Ayushman Khurana , Nushrat Bharucha, Annu Kapoor"
Chhichhore,https://www.bollywoodmdb.com/movies/nitesh-tiwari-s-next/16477,: 7.32 cr,: 35.98 cr,: 68.83 cr,: 150.36 cr,: 170.99 cr,"Comedy, Drama","06 September, 2019 | 2 hrs 26 mins","Banner : Fox Star Studios, Nadiadwala Grandson Entertainment",Nitesh Tiwari,https://www.bollywoodmdb.com/celebrities/nitesh-tiwari/24451,Producer : Sajid Nadiadwala,Following a group of friends from university as they progress into middle-age life and go their own separate ways.,"Star : Sushant Singh Rajput , Shraddha Kapoor, Varun Sharma"
Saaho,https://www.bollywoodmdb.com/movies/saaho/16321,: 24.40 cr,: 79.08 cr,: 116.03 cr,: 130.98 cr,: 424 cr,"Action, Thriller","30 August, 2019 | 2 hrs 51 mins","Banner : UV Creations, T-Series Super Cassettes Industries Ltd.",Sujeeth,https://www.bollywoodmdb.com/celebrities/sujeeth/34987,Producer : Vamsi - Pramod,"An undercover cop becomes embroiled in a battle with warring criminals who want to acquire a 'black box', their ultimate key to a treasure.","Star : Prabhas , Shraddha Kapoor, Jackie Shroff"
Batla House,https://www.bollywoodmdb.com/movies/batla-house/16473,: 15.55 cr,: 47.99 cr,: 69.99 cr,: 86.04 cr,: 113.49 cr,"Action, Crime, Thriller","15 August, 2019 | 2 hrs 26 mins","Banner : T-Series Super Cassettes Industries Ltd., Emmay Entertainment Pvt. Ltd, JA Entertainment",Nikhil Advani,https://www.bollywoodmdb.com/celebrities/nikhil-advani/4740,"Producer : Bhushan Kumar , Divya Khosla Kumar, Krishan Kumar","After a deadly encounter, a police officer struggles to catch the fugitives and prove the police acted lawfully, while being despised by the whole nation.","Star : John Abraham , Mrunal Thakur, Manish Choudhary"
Mission Mangal,https://www.bollywoodmdb.com/movies/mission-mangal/16534,: 29.16 cr,: 97.56 cr,: 128.16 cr,: 200.16 cr,: 239.83 cr,Drama,"15 August, 2019 | 2 hrs 13 mins","Banner : Fox Star Studios, Cape of Good Films, Hope Productions",Jagan Shakti,https://www.bollywoodmdb.com/celebrities/jagan-shakti/35674,"Producer : Cape of Good Films , Hope Productions, Fox Star Studios","Based on true events of the Indian Space Research Organisation (ISRO) successfully launching the Mars Orbiter Mission (Mangalyaan), making it the least expensive mission to Mars.","Star : Akshay Kumar , Vidya Balan, Taapsee Pannu"
Jabariya Jodi,https://www.bollywoodmdb.com/movies/jabariya-jodi/16510,: 3.15 cr,: 12 cr,: ---,: 12 cr,: ---,"Action, Romance, Comedy","09 August, 2019 | 2 hrs 24 mins","Banner : Balaji Motion Pictures, Karma Media Entertainment",Prashant Singh,https://www.bollywoodmdb.com/celebrities/prashant-singh/30603,"Producer : Shobha Kapoor , Ekta Kapoor, Shailesh R. Singh","Based on groom kidnappings in Bihar, where the groom is kidnapped to avoid dowry, the film has Siddharth Malhotra playing a thug who helps kidnap grooms. It also features Parineeti Chopra in a prominent role.","Star : Siddharth Malhotra , Parineeti Chopra, Javed Jaffrey"
Judgemental Hai Kya,https://www.bollywoodmdb.com/movies/mental-hai-kya/16447,: 5.40 cr,: 22.04 cr,: 31.42 cr,: 40.10 cr,: 44.92 cr,"Comedy, Crime, Thriller","26 July, 2019 | 2 hrs 1 mins","Banner : Karma Media and Entertainment, Balaji Motion Pictures",Prakash Kovelamudi,https://www.bollywoodmdb.com/celebrities/prakash-kovelamudi/35823,"Producer : Shobha Kapoor , Ekta Kapoor, Shailesh R. Singh",Following the story of two quirky individuals whose lives pivot between reality and illusions.,"Star : Kangana Ranaut , Rajkummar Rao, Jimmy Shergill"
Super 30,https://www.bollywoodmdb.com/movies/super-30/16394,: 11.83 cr,: 50.76 cr,: 75.85 cr,: 146.58 cr,: 184.97 cr,Biographical,"12 July, 2019 | 2 hrs 34 mins","Banner : Nadiadwala Grandson Entertainment, Phantom Productions, HRX Films",Vikas Bahl,https://www.bollywoodmdb.com/celebrities/vikas-bahl/23937,"Producer : Nadiadwala Grandson Entertainment , Phantom Films, Reliance Entertainment",Based on life of Patna-based mathematician Anand Kumar who runs the famed Super 30 program for IIT aspirants in Patna.,"Star : Hrithik Roshan , Mrunal Thakur, Nandish Singh"
Article 15,https://www.bollywoodmdb.com/movies/article-15/16566,: 5.02 cr,: 20.04 cr,: 34.21 cr,: 63.05 cr,: 90.15 cr,"Crime, Thriller","28 June, 2019 | 2 hrs 11 mins","Banner : Zee Studios, Benaras Media Works",Anubhav Sinha,https://www.bollywoodmdb.com/celebrities/anubhav-sinha/4215,"Producer : Anubhav Sinha , Zee Studios","Set against the backdrop of Badaun gangrape and murder case (2014), Anubhav Sinha's Article 15 is a thrilling investigative drama based on true events.","Star : Ayushman Khurana , Isha Talwar, Sayani Gupta"
Kabir Singh,https://www.bollywoodmdb.com/movies/arjun-reddy-remake/16472,: 20.21 cr,: 70.83 cr,: 134.42 cr,: 278.24 cr,: 369.58 cr,Drama,"21 June, 2019 | 2 hrs 55 mins","Banner : T-Series Super Cassettes Industries Ltd., Cine1 Studios",Sandeep Reddy Vanga,https://www.bollywoodmdb.com/celebrities/sandeep-reddy-vanga/36481,"Hypotension and reflex tachycardia are potential consequences of rapid upward titration of CLEVIPREX®. If either occurs, decrease the dose of CLEVIPREX®. There is limited experience with short-duration therapy with beta-blockers as a treatment for CLEVIPREX®-induced tachycardia. Beta-blocker use for this purpose is not recommended.",Dihydropyridine calcium channel blockers can produce negative inotropic effects and exacerbate heart failure. Monitor heart failure patients carefully.,CLEVIPREX® contains approximately 0.2 g of lipid per mL (2.0 kcal). Lipid intake restrictions may be necessary for patients with significant disorders of lipid metabolism.
Game Over,https://www.bollywoodmdb.com/movies/game-over/16608,: 0.97 cr,: 4.95 cr,: 9.02 cr,: 11.06 cr,: 11.06 cr,Thriller,"14 June, 2019 | 1 hrs 43 mins","Banner : Y Not Studios, Reliance Entertainment",Ashwin Saravanan,https://www.bollywoodmdb.com/celebrities/ashwin-saravanan/36848,"Hypotension and reflex tachycardia are potential consequences of rapid upward titration of CLEVIPREX®. If either occurs, decrease the dose of CLEVIPREX®. There is limited experience with short-duration therapy with beta-blockers as a treatment for CLEVIPREX®-induced tachycardia. Beta-blocker use for this purpose is not recommended.",Dihydropyridine calcium channel blockers can produce negative inotropic effects and exacerbate heart failure. Monitor heart failure patients carefully.,CLEVIPREX® contains approximately 0.2 g of lipid per mL (2.0 kcal). Lipid intake restrictions may be necessary for patients with significant disorders of lipid metabolism.
Bharat,https://www.bollywoodmdb.com/movies/bharat/16405,: 42.30 cr,: 150.10 cr,: 180.05 cr,: 201.86 cr,: 314.68 cr,"Drama, Period","05 June, 2019 | 2 hrs 35 mins","Banner : Salman Khan Films, Reel Life Production Pvt Ltd",Ali Abbas Zafar,https://www.bollywoodmdb.com/celebrities/ali-abbas-zafar/23837,"Producer : Atul Agnihotri , Alvira Khan Agnihotri, Bhushan Kumar","At the cusp of India's birth as an Independent nation, a family makes an arduous journey to freedom at a cost. A young boy Bharat, makes a promise to his Father that he will keep his family together no matter what.","Star : Salman Khan , Katrina Kaif, Disha Patani"
PM Narendra Modi,https://www.bollywoodmdb.com/movies/pm-narendra-modi/16544,: 2.88 cr,: 11.76 cr,: 19.21 cr,: 20.95 cr,: 23 cr,Biographical,"24 May, 2019 | 2 hrs 11 mins",Banner : Legend Studios,Omung Kumar,https://www.bollywoodmdb.com/celebrities/omung-kumar/13163,"Producer : Suresh Oberoi , Sandeep Singh",Biography of India's Prime Minister Shri Narendra Modi.,"Star : Vivek Oberoi , Manoj Joshi, Boman Irani"
India's Most Wanted,https://www.bollywoodmdb.com/movies/india-s-most-wanted/16471,: 2.10 cr,: 8.25 cr,: 10.90 cr,: 10.90 cr,: 14.23 cr,"Action, Thriller","24 May, 2019 | 2 hrs 3 mins","Banner : Fox Star Studios, Raapchik Films",Rajkumar Gupta,https://www.bollywoodmdb.com/celebrities/rajkumar-gupta/9615,"Producer : Fox Star Studios , Rajkumar Gupta, Myra Karn",A group of intelligence officers embark on a top secret mission to track down a wanted international criminal.,"Star : Arjun Kapoor , Pravin Singh Sisodia, Devendra Mishra"
De De Pyaar De,https://www.bollywoodmdb.com/movies/ajay-devgn-luv-ranjan-s-next/16387,: 10.41 cr,: 38.54 cr,: 61.05 cr,: 95.86 cr,: 129.25 cr,"Comedy, Romance","17 May, 2019 | 2 hrs 15 mins",Banner : Luv Films,Akiv Ali,https://www.bollywoodmdb.com/celebrities/akiv-ali/11180,"Producer : Bhushan Kumar , Luv Ranjan, Ankur Garg",A 50-year-old single father faces disapproval from his family and his ex-wife when he falls in love with a 26-year-old woman.,"Star : Ajay Devgn , Tabu, Rakul Preet"
Student Of The Year 2,https://www.bollywoodmdb.com/movies/student-of-the-year-2/16213,: 12.06 cr,: 38.83 cr,: 56.83 cr,: 68.82 cr,: 96.06 cr,"Drama, Romance, Action","10 May, 2019 | 2 hrs 26 mins","Banner : Dharma Productions, Fox Star Studios",Punit Malhotra,https://www.bollywoodmdb.com/celebrities/punit-malhotra/23921,"Producer : Hiroo Johar , Karan Johar, Apoorva Mehta","A student must face off against bullies and overcome hurdles, both academic and romantic, to win his college's coveted Student of the Year trophy.","Star : Tiger Shroff , Tara Sutaria, Ananya Panday"
Blank,https://www.bollywoodmdb.com/movies/blank/16521,: 0.97 cr,: 3.72 cr,: 5.11 cr,: 5.15 cr,: ---,"Action, Thriller","03 May, 2019 | 1 hrs 51 mins",Director : Behzad Khambata,Tony D'souza,https://www.bollywoodmdb.com/celebrities/tony-d-souza/33549,"Hypotension and reflex tachycardia are potential consequences of rapid upward titration of CLEVIPREX®. If either occurs, decrease the dose of CLEVIPREX®. There is limited experience with short-duration therapy with beta-blockers as a treatment for CLEVIPREX®-induced tachycardia. Beta-blocker use for this purpose is not recommended.",Dihydropyridine calcium channel blockers can produce negative inotropic effects and exacerbate heart failure. Monitor heart failure patients carefully.,CLEVIPREX® contains approximately 0.2 g of lipid per mL (2.0 kcal). Lipid intake restrictions may be necessary for patients with significant disorders of lipid metabolism.
Kalank,https://www.bollywoodmdb.com/movies/shiddat/16252,: 21.60 cr,: 62.75 cr,: 73.70 cr,: 74.23 cr,: 121.96 cr,"Period, Drama, Romance","17 April, 2019 | 2 hrs 48 mins","Banner : Fox Star Studios, Dharma Productions, Nadiadwala Grandson Entertainment",Abhishek Varman,https://www.bollywoodmdb.com/celebrities/abhishek-varman/28462,"Producer : Karan Johar , Sajid Nadiadwala, Hiroo Johar","The lives of six enigmatic characters become entangled whilst in search of love, but separated by the dichotomy between the two worlds of Husnabad, a town in North India.","Star : Varun Dhawan , Alia Bhatt, Sonakshi Sinha"
The Tashkent Files,https://www.bollywoodmdb.com/movies/the-tashkent-files/16441,: 0.40 cr,: 2.20 cr,: 3.50 cr,: 16.75 cr,: ---,"Drama, Period, Mystery, Thriller","12 April, 2019 | 2 hrs 24 mins",Banner : Zee Studios,Vivek Agnihotri,https://www.bollywoodmdb.com/celebrities/vivek-agnihotri/5242,"Hypotension and reflex tachycardia are potential consequences of rapid upward titration of CLEVIPREX®. If either occurs, decrease the dose of CLEVIPREX®. There is limited experience with short-duration therapy with beta-blockers as a treatment for CLEVIPREX®-induced tachycardia. Beta-blocker use for this purpose is not recommended.",Dihydropyridine calcium channel blockers can produce negative inotropic effects and exacerbate heart failure. Monitor heart failure patients carefully.,CLEVIPREX® contains approximately 0.2 g of lipid per mL (2.0 kcal). Lipid intake restrictions may be necessary for patients with significant disorders of lipid metabolism.
Romeo Akbar Walter,https://www.bollywoodmdb.com/movies/romeo-akbar-walter/16310,: 5.35 cr,: 20.85 cr,: 30 cr,: 36.54 cr,: 53.33 cr,"Spy, Action, Thriller","05 April, 2019 | 2 hrs 25 mins","Banner : Viacom18 Motion Pictures, Kyta Productions, VA Film Company",Robbie Grewal,https://www.bollywoodmdb.com/celebrities/robbie-grewal/34922,"Producer : Viacom18 Motion Pictures , Dheeraj Wadhawan, Ajay Kapoor","During the India-Pakistan war of 1971, an Indian banker is recruited by RAW (Research and Analysis Wing) for a covert operation deep inside Pakistan.","Star : John Abraham , Jackie Shroff, Mouni Roy"
Junglee,https://www.bollywoodmdb.com/movies/junglee/16225,: 3.35 cr,: 13.85 cr,: 21.20 cr,: 24.30 cr,: 32.53 cr,"Action, Thriller","29 March, 2019 | 1 hrs 55 mins",Banner : Junglee Pictures,Chuck Russell,https://www.bollywoodmdb.com/celebrities/chuck-russell/35171,"FREE Digital
Invoicing","The story revolves around a vet, who on his homecoming to his father's elephant reserve, encounters and fights an international poachers racket.","Star : Vidyut Jamwal , Pooja Sawant, Asha Bhat"
Kesari,https://www.bollywoodmdb.com/movies/kesari/16402,: 21.06 cr,: 78.07 cr,: 105.86 cr,: 150.91 cr,: 173.97 cr,"Period, Action, war","21 March, 2019 | 2 hrs 30 mins","Banner : Azure Entertainment, Cape of Good Films, Zee Studios",Anurag Singh,https://www.bollywoodmdb.com/celebrities/anurag-singh/4222,"Producer : Hiroo Johar , Aruna Bhatia, Karan Johar",The story of a Sikh warrior who participates in the Battle of Saragarhi while yearning for the respect of his estranged daughter.,"Star : Akshay Kumar , Parineeti Chopra, Vansh Bhardwaj"
Badla,https://www.bollywoodmdb.com/movies/badla/16486,: 5.04 cr,: 23.20 cr,: 38 cr,: 88.02 cr,: 130.12 cr,"Crime, Thriller","08 March, 2019 | 2 hrs","Banner : Red Chillies Entertainment, Azure Entertainment",Sujoy Ghosh,https://www.bollywoodmdb.com/celebrities/sujoy-ghosh/5082,"Producer : Akshai Puri , Shah Rukh Khan, Sunir Kheterpal",A lawyer investigates further into the suspicious circumstances surrounding the death of a young man.,"Star : Amitabh Bachchan , Taapsee Pannu, Amrita Singh"
Luka Chuppi,https://www.bollywoodmdb.com/movies/luka-chuppi/16490,: 8.01 cr,: 32.13 cr,: 53.70 cr,: 94.15 cr,: 122.84 cr,"Comedy, Romance","01 March, 2019 | 2 hrs 6 mins",Banner : Maddock Films,Laxman Utekar,https://www.bollywoodmdb.com/celebrities/laxman-utekar/18023,Producer : Dinesh Vijan,"Pretending to be married in order to cohabitate, a small-town couple lands in endless awkward situations to hide the truth from their orthodox families.","Star : Kartik Aaryan , Kriti Sanon, Aparshakti Khurrana"
Sonchiriya,https://www.bollywoodmdb.com/movies/sonchiriya/16439,: 1.20 cr,: 4.60 cr,: 6.55 cr,: 6.55 cr,: ---,"Crime, Action","01 March, 2019 | 2 hrs 26 mins",Banner : RSVP,Abhishek Chaubey,https://www.bollywoodmdb.com/celebrities/abhishek-chaubey/22801,Producer : Ronnie Screwvala,"Set in the Chambal valley, the film follows the story of a legion of dreaded, warring dacoits who once terrorized the Indian heartlands.","Star : Sushant Singh Rajput , Bhumi Pednekar, Manoj Bajpai"
Total Dhamaal,https://www.bollywoodmdb.com/movies/total-dhamaal/15268,: 16.50 cr,: 62.40 cr,: 94.55 cr,: 150.76 cr,: 152.19 cr,Comedy,"22 February, 2019 | 2 hrs 10 mins",Banner : Fox Star Studios,Indra Kumar,https://www.bollywoodmdb.com/celebrities/indra-kumar/4484,"Producer : Ajay Devgn , Ashok Thakeria, Markand Adhikari",A group of people learn about a hidden treasure and then they race to find it and claim it.,"Star : Ajay Devgn , Anil Kapoor, Madhuri Dixit"
Gully Boy,https://www.bollywoodmdb.com/movies/gully-boy/16293,: 19.40 cr,: 72.45 cr,: 100.30 cr,: 139.38 cr,: 222.72 cr,Musical,"14 February, 2019 | 2 hrs 36 mins","Banner : Excel Entertainment, Tiger Baby",Zoya Akhtar,https://www.bollywoodmdb.com/celebrities/zoya-akhtar/11113,"Producer : Ritesh Sidhwani , Zoya Akhtar, Farhan Akhtar",A coming-of-age story based on the lives of street rappers in Mumbai.,"Star : Ranveer Singh , Alia Bhatt, Kalki Koechlin"
Amavas,https://www.bollywoodmdb.com/movies/amaavas/16446,: 0.75 cr,: 2.50 cr,: 2.85 cr,: 2.85 cr,: ---,Horror,"08 February, 2019 | 2 hrs 14 mins","Banner : Viiking Media & Entertainment Pvt Ltd., Simply West Productions Ltd, Weeping Grave Production",Bhushan Patel,https://www.bollywoodmdb.com/celebrities/bhushan-patel/27122,"Producer : Raina Sachiin Joshi , Dipen Amin","The lives of a couple turn into a nightmare, as dark forces lie in wait beneath the shadows of the haunted bungalow in which they have decided to stay.","Star : Sachiin Joshi , Nargis Fakhri, Vivan Bhatena"
Ek Ladki Ko Dekha Toh Aisa Laga,https://www.bollywoodmdb.com/movies/ek-ladki-ko-dekha-toh-aisa-laga/16437,: 3.30 cr,: 13.53 cr,: 19.68 cr,: 22.01 cr,: 36.78 cr,"Romance, Drama","01 February, 2019 | 2 hrs 1 mins","Banner : Vinod Chopra Films, Fox Star Studios",Shelly Chopra Dhar,https://www.bollywoodmdb.com/celebrities/shelly-chopra-dhar/35762,Producer : Vidhu Vinod Chopra,"The film tells the story of Sweety Chaudhary, a closeted lesbian, and her attempts to come out to her conservative and traditional family.","Star : Anil Kapoor , Sonam Kapoor, Rajkummar Rao"
Manikarnika: The Queen Of Jhansi,https://www.bollywoodmdb.com/movies/rani-laxmibai/354,: 8.75 cr,: 42.55 cr,: 61.15 cr,: 91.70 cr,: 129.74 cr,Biographical,"25 January, 2019 | 2 hrs 28 mins","Banner : Zee Studios, Kairos Kontent Studios",Krish,https://www.bollywoodmdb.com/celebrities/krish/31183,"Producer : Zee Studios , Kamal Jain","Story of Rani Lakshmibai, one of the leading figures of the Indian Rebellion of 1857 and her resistance to the British Raj.","Star : Jisshu Sengupta , Jisshu Sengupta, Kangana Ranaut"
Thackeray,https://www.bollywoodmdb.com/movies/thackeray/16428,: 6 cr,: 22.90 cr,: 31.60 cr,: 31.60 cr,: 31.60 cr,Biographical,"25 January, 2019 | 2 hrs 19 mins","Banner : Viacom18 Motion Pictures, Carnival Motion Pictures",Abhijit Panse,https://www.bollywoodmdb.com/celebrities/abhijit-panse/35686,"Producer : Viacom18 Motion Pictures , Shrikant Bhasi, Varsha Sanjay Raut","From controversial cartoonist to powerful Mumbai politician, this biopic maps the meteoric rise of far-right Shiv Sena party founder, Bal Thackeray.","Star : Nawazuddin Siddiqui , Amrita Rao, Rajesh Khera"
Why Cheat India,https://www.bollywoodmdb.com/movies/cheat-india/16435,: 1.71 cr,: 6.80 cr,: 8.45 cr,: 8.45 cr,: 8.65 cr,"Drama, Social","18 January, 2019 | 2 hrs 1 mins","Banner : Ellipsis Entertainment, Emraan Hashmi Films",Soumik Sen,https://www.bollywoodmdb.com/celebrities/soumik-sen/13638,"Producer : Bhushan Kumar , Krishan Kumar, Tanuj Garg","The movie focuses on existing malpractices in country's education system, the whole concept of buying your way through education, jobs and earnings. Even with an evolving education system, the country faces scams like SSC and HSC paper leaks, CBSE re-examination, Vyaapam, etc. The movie tries to shift the attention of people to understand the vulnerability of hardworking and gifted students who get left out.","Star : Emraan Hashmi , Shreya Dhanwanthary, Snigdhadeep Chatterjee"
The Accidental Prime Minister,https://www.bollywoodmdb.com/movies/the-accidental-prime-minister/16347,: 3.40 cr,: 11.90 cr,: 16.30 cr,: 16.30 cr,: 31.84 cr,Biographical,"11 January, 2019 | 1 hrs 52 mins",Director : Vijay Ratnakar Gutte,Sunil Bohra,https://www.bollywoodmdb.com/celebrities/sunil-bohra/5115,"Star : Anupam Kher , Akshaye Khanna, Arjun Mathur",,Explores Manmohan Singh's tenure as the Prime Minister of India and the kind of control he had over the cabinet and the country.
Uri: The Surgical Strike,https://www.bollywoodmdb.com/movies/uri/16389,: 8.20 cr,: 35.73 cr,: 70.94 cr,: 244.06 cr,: 260.86 cr,Action,"11 January, 2019 | 2 hrs 18 mins",Banner : RSVP,Aditya Dhar,https://www.bollywoodmdb.com/celebrities/aditya-dhar/5315,Producer : Ronnie Screwvala,"Based on the true events of 2016, when Indian Army avenged a deadly terrorist attack by carrying out a surgical strike.","Star : Vicky Kaushal , Yami Gautam, Paresh Rawal"
Simmba,https://www.bollywoodmdb.com/movies/simmba/16420,: 20.72 cr,: 75.11 cr,: 150.81 cr,: 240.22 cr,: 317.61 cr,"Action, Comedy, Drama","28 December, 2018 | 2 hrs 39 mins","Banner : Dharma Productions, Reliance Entertainment, Rohit Shetty Picturez",Rohit Shetty,https://www.bollywoodmdb.com/celebrities/rohit-shetty/4858,"Producer : Hiroo Johar , Rohit Shetty, Apoorva Mehta","Simmba, a Corrupt Officer, enjoys all the perks of being an immoral and unethical police officer until a life-changing event forces him to choose the righteous path.","Star : Ranveer Singh , Sara Ali Khan, Sonu Sood"
KGF,https://www.bollywoodmdb.com/movies/kgf/16543,: 2.10 cr,: 9.20 cr,: 21.45 cr,: 43.93 cr,: ---,"Action, Drama","21 December, 2018 | 2 hrs 35 mins","Banner : Hombale Films, Excel Entertainment",Prashanth Neel,https://www.bollywoodmdb.com/celebrities/prashanth-neel/36544,Producer : Vijay Kiragandur,"A period drama narrates the 1700-year-old history of oppressed waging wars against their oppressors. Set in the early 80s, KGF - the first chapter centers the protagonist who leads a battle against oppressors.","Star : Yash , Srinidhi Shetty"
Zero,https://www.bollywoodmdb.com/movies/aanand-l-rai-s-next/16345,: 19.35 cr,: 54.60 cr,: 82.60 cr,: 88.85 cr,: 170.12 cr,"Comedy, Romance","21 December, 2018 | 2 hrs 38 mins","Banner : Red Chillies Entertainment, Colour Yellow Productions Pvt Ltd",Aanand L Rai,https://www.bollywoodmdb.com/celebrities/aanand-l-rai/19131,Producer : Gauri Khan,"The story revolves around Bauua Singh (Shah Rukh Khan), a vertically challenged man, who is full of charm and wit, with a pinch of arrogance. Born to a wealthy family and raised in an environment of affluence, he is challenged to broaden his horizon and find purpose in life.","Star : Shah Rukh Khan , Anushka Sharma, Katrina Kaif"
Kedarnath,https://www.bollywoodmdb.com/movies/kedarnath/16363,: 7.25 cr,: 27.75 cr,: 42.45 cr,: 57.44 cr,: 95.36 cr,Drama,"07 December, 2018 | 2 hrs","Banner : Guy In The Sky Pictures, RSVP",Abhishek Kapoor,https://www.bollywoodmdb.com/celebrities/abhishek-kapoor/6209,"Producer : Ronnie Screwvala , Pragya Kapoor","A Hindu-Muslim love story, Kedarnath portrays how a Muslim pithoo saves a Hindu tourist from the Uttrakhand floods at the pilgrimage, and the love that eventually develops between them.","Star : Sushant Singh Rajput , Sara Ali Khan, Nitish Bharadwaj"
2,https://www.bollywoodmdb.com/movies/robot-2-0/16214,: 20.25 cr,: 95 cr,: 139.75 cr,: 177.75 cr,: 520 cr,"Sci-fi, Action","29 November, 2018 | 2 hrs 26 mins","Banner : Lyca Productions, Dharma Productions",Shankar,https://www.bollywoodmdb.com/celebrities/shankar/4120,Producer : Subaskaran,"After facing a threat that is beyond the current understanding of science, the Government seeks the help of scientists. Dr. Vaseegaran suggests to assemble Chitti to fight against it.","Star : Rajinikanth , Akshay Kumar, Amy Jackson"
Bhaiaji Superhittt,https://www.bollywoodmdb.com/movies/bhaiyyaji-superhit/15310,: 1 cr,: 3.20 cr,: 4.25 cr,: 6.25 cr,: ---,"Comedy, Action","23 November, 2018 | 2 hrs 13 mins",Banner : Metro Movies,Neerraj Pathak,https://www.bollywoodmdb.com/celebrities/neerraj-pathak/29182,Producer : Chirag Mahendra Dhariwal,,"Star : Sunny Deol , Preity Zinta, Arshad Warsi"
Pihu,https://www.bollywoodmdb.com/movies/pihu/16480,: 0.45 cr,: 1.60 cr,: 2.50 cr,: 2.50 cr,: ---,"Drama, Thriller","16 November, 2018 | 1 hrs 33 mins","Banner : RSVP, Roy Kapur Films",Vinod Kapri,https://www.bollywoodmdb.com/celebrities/vinod-kapri/33546,"Producer : Ronnie Screwvala , Siddharth Roy Kapur","The social thriller starring the two year baby girl. She is living in a home where the adults are going through a complicated phase. Being a toddler, she is occasionally trapped in the accidental situations.",Star : Myra Vishwakarma
Mohalla Assi,https://www.bollywoodmdb.com/movies/mohalla-assi/15008,: 0.25 cr,: 0.55 cr,: 1.80 cr,: 1.80 cr,: ---,Drama,"16 November, 2018 | 2 hrs",Banner : Crossword Entertainment Pvt Ltd,Dr Chandrakprakash Dwivedi,https://www.bollywoodmdb.com/celebrities/dr-chandrakprakash-dwivedi/27012,Producer : Vinay Tiwari,A Sanskrit priest decides to take matters in his hand when the locals of holy town Banaras stars to lure foreign tourists with fake spiritual gurus.,"Star : Sunny Deol , Saakshi Tanwar, Saurabh Shukla"
Thugs Of Hindostan,https://www.bollywoodmdb.com/movies/thugs-of-hindostan/16229,: 52.25 cr,: 123 cr,: 140.40 cr,: 151.04 cr,: 251.84 cr,"Action, Adventure","08 November, 2018 | 2 hrs 45 mins",Banner : Yash Raj Films,Vijay Krishna Acharya,https://www.bollywoodmdb.com/celebrities/vijay-krishna-acharya/5241,Producer : Aditya Chopra,"In the 18th century, the British East India Company is pitted against Khudabaksh, a 'Thug of the Seas' fighting to liberate his country. The English, not knowing how to defeat him, call on a talented con artist, Firangi Mallah.","Star : Amitabh Bachchan , Aamir Khan, Katrina Kaif"
Baazaar,https://www.bollywoodmdb.com/movies/baazaar/16309,: 3.07 cr,: 11.93 cr,: 18.05 cr,: 28.02 cr,: ---,"Crime, Drama","26 October, 2018 | 2 hrs 20 mins",Banner : Emmay Entertainment Pvt. Ltd,Gauravv K Chawla,https://www.bollywoodmdb.com/celebrities/gauravv-k-chawla/34996,"Producer : Dheeraj Wadhawan , Ajay Kapoor, Monisha Advani",,"Star : Saif Ali Khan , Rohan Mehra, Chitrangada Singh"
Badhaai Ho,https://www.bollywoodmdb.com/movies/badhaai-ho/16414,: 7.35 cr,: 45.70 cr,: 66.10 cr,: 136.80 cr,: 180 cr,Comedy,"18 October, 2018 | 2 hrs 6 mins","Banner : Chrome Pictures, Junglee Pictures",Amit Ravindernath Sharma,https://www.bollywoodmdb.com/celebrities/amit-ravindernath-sharma/33022,"Producer : Vineet Jain , Aleya Sen, Hemant Bhandari",A man faces embarrassment in the society when he finds out his mother is pregnant,"Star : Ayushman Khurana , Sanya Malhotra, Neena Gupta"
Tumbbad,https://www.bollywoodmdb.com/movies/tumbbad/16494,: 0.65 cr,: 3.25 cr,: 5.85 cr,: 13.48 cr,: 8.09 cr,"Horror, Thriller","12 October, 2018 | 1 hrs 53 mins","Banner : Eros International, Colour Yellow Productions Pvt Ltd",Rahi Anil Barve,https://www.bollywoodmdb.com/celebrities/rahi-anil-barve/36168,"Producer : Sohum Shah , Aanand L Rai, Mukesh Shah",A mythological story about a goddess who created the entire universe. The plot revolves around the consequences when humans build a temple for her first-born.,"Star : Sohum Shah , Jyoti Malshe, Dhundhiraj Prabhakar Jogalekar"
AndhaDhun,https://www.bollywoodmdb.com/movies/mud-mud-ke-na-dekh/16351,: 2.70 cr,: 15 cr,: 27.65 cr,: 41.90 cr,: 71.74 cr,"Thriller, Suspense, Crime","05 October, 2018 | 2 hrs 20 mins","Banner : Viacom18 Motion Pictures, Matchbox Pictures",Sriram Raghavan,https://www.bollywoodmdb.com/celebrities/sriram-raghavan/5021,"Star : Ayushman Khurana , Radhika Apte, Tabu",,"He sees what he shouldn't. She sees what he couldn't. So the question is, does he see it or not?"
Sui Dhaaga: Made In India,https://www.bollywoodmdb.com/movies/sui-dhaaga-made-in-india/16359,: 8.30 cr,: 36.60 cr,: 62.50 cr,: 79.02 cr,: 100 cr,"Drama, Social","28 September, 2018 | 2 hrs 2 mins",Banner : Yash Raj Films,Sharat Katariya,https://www.bollywoodmdb.com/celebrities/sharat-katariya/28511,Producer : Maneesh Sharma,"A heart-warming story of pride and self-reliance, rooted in the heart of India.","Star : Varun Dhawan , Anushka Sharma, Raghubir Yadav"
Pataakha,https://www.bollywoodmdb.com/movies/chhuriyaan/16462,: 0.90 cr,: 4.05 cr,: 7.64 cr,: 7.64 cr,: ---,Drama,"28 September, 2018 | 2 hrs 16 mins","Banner : Kyta Productions, B4U Motion Pictures, Vishal Bhardwaj Pictures Pvt Ltd",Vishal Bhardwaj,https://www.bollywoodmdb.com/celebrities/vishal-bhardwaj/23359,"Producer : Dheeraj Wadhawan , Ajay Kapoor, Ishan Saksena","Based on Charan Singh Pathik's short story Do Behnein, Pataakha narrates the story of two feuding sisters who realize the true nature of their relationship only after marriage separates them.","Star : Sanya Malhotra , Radhika Madan, Sunil Grover"
Batti Gul Meter Chalu,https://www.bollywoodmdb.com/movies/batti-gul-meter-chalu/16404,: 6.76 cr,: 23.26 cr,: 34.43 cr,: 37.26 cr,: 44.63 cr,Drama,"21 September, 2018 | 2 hrs 43 mins","Banner : T-Series Super Cassettes Industries Ltd., Krti Pictures",Shree Narayan Singh,https://www.bollywoodmdb.com/celebrities/shree-narayan-singh/11836,"Producer : Bhushan Kumar , Krishan Kumar, Nitin Chandrachud","The life of three friends takes a tragic turn due to an inflated electricity bill, which leads to a courtroom drama and social awakening.","Star : Shahid Kapoor , Shraddha Kapoor, Yami Gautam"
Manmarziyaan,https://www.bollywoodmdb.com/movies/manmarziyaan/16130,: 3.52 cr,: 14.33 cr,: 21.40 cr,: 26.45 cr,: 39.93 cr,"Drama, Romance","14 September, 2018 | 2 hrs 37 mins","Banner : Colour Yellow Productions Pvt Ltd, Phantom Productions, Eros International",Anurag Kashyap,https://www.bollywoodmdb.com/celebrities/anurag-kashyap/4210,"Producer : Aanand L Rai , Vikas Bahl, Vikramaditya Motwane","A love triangle between a spirited young woman, her outgoing boyfriend and a fiance who's husband material.","Star : Abhishek Bachchan , Taapsee Pannu, Vicky Kaushal"
Yamla Pagla Deewana Phir Se,https://www.bollywoodmdb.com/movies/yamla-pagla-deewana-phir-se/16376,: 1.82 cr,: 6.32 cr,: 9.42 cr,: 9.42 cr,: 14.70 cr,Comedy,"31 August, 2018 | 2 hrs 28 mins",Director : Navaniat Singh,Bobby Deol,https://www.bollywoodmdb.com/celebrities/bobby-deol/11,,,
Stree,https://www.bollywoodmdb.com/movies/stree/16433,: 6.83 cr,: 32.27 cr,: 60.39 cr,: 129.67 cr,: 150.18 cr,"Comedy, Horror","31 August, 2018 | 2 hrs 10 mins",Banner : Maddock Films,Amar Kaushik,https://www.bollywoodmdb.com/celebrities/amar-kaushik/25266,"Producer : Dinesh Vijan , Raj Nidimoru, Krishna D.K.","Set in the town of Chanderi, Stree is based on the urban legend of Nale Ba that went viral in Karnataka in the 1990s, and features Shraddha Kapoor and Rajkummar Rao in pivotal roles.","Star : Rajkummar Rao , Shraddha Kapoor, Aparshakti Khurrana"
Happy Phirr Bhag Jayegi,https://www.bollywoodmdb.com/movies/happy-bhaag-jayegi-returns/16399,: 2.70 cr,: 11.78 cr,: 18.11 cr,: 18.11 cr,: 27.85 cr,Comedy,"24 August, 2018 | 2 hrs 17 mins","Banner : Eros International, Colour Yellow Productions Pvt Ltd",Mudassar Aziz,https://www.bollywoodmdb.com/celebrities/mudassar-aziz/9650,"Producer : Aanand L Rai , Krishika Lulla",,"Star : Sonakshi Sinha , Diana Penty, Jimmy Shergill"
Gold,https://www.bollywoodmdb.com/movies/gold/16253,: 25.25 cr,: 71.30 cr,: 89.30 cr,: 107.37 cr,: 149.50 cr,,"15 August, 2018 | 2 hrs 33 mins",Banner : Excel Entertainment,Reema Kagti,https://www.bollywoodmdb.com/celebrities/reema-kagti/4868,"Producer : Ritesh Sidhwani , Farhan Akhtar","Set in 1948, the historic story of India's first Olympic medal post their independence.","Star : Akshay Kumar , Mouni Roy, Kunal Kapoor"
Satyameva Jayate,https://www.bollywoodmdb.com/movies/raakh/16429,: 20.52 cr,: 56.91 cr,: 75.09 cr,: 75.09 cr,: 106.67 cr,"Action, Thriller","15 August, 2018 | 2 hrs 21 mins","Banner : T-Series Super Cassettes Industries Ltd., Emmay Entertainment Pvt. Ltd",Milap Zaveri,https://www.bollywoodmdb.com/celebrities/milap-zaveri/10405,"Producer : Bhushan Kumar , Krishan Kumar, Monisha Advani","DCP Shivansh has been tasked to catch Vir, the man behind police killings in the city. Both are eventually against the same enemy but divided by a fine line, the law.","Star : John Abraham , Manoj Bajpai, Aisha Sharma"
Fanney Khan,https://www.bollywoodmdb.com/movies/fanney-khan/16199,: 2.15 cr,: 7.15 cr,: 9.85 cr,: 9.85 cr,: 16.55 cr,Drama,"03 August, 2018 | 2 hrs 10 mins","Banner : Rakeysh Omprakash Mehra Pictures, T-Series Super Cassettes Industries Ltd.",Atul Manjrekar,https://www.bollywoodmdb.com/celebrities/atul-manjrekar/35305,"Producer : Bhushan Kumar , Rakeysh Omprakash Mehra, Anil Kapoor",Fanney Khan is a struggling singer who wants to make his daughter a big name in music world.,"Star : Anil Kapoor , Aishwarya Rai, Rajkummar Rao"
Mulk,https://www.bollywoodmdb.com/movies/mulk/16386,: 1.68 cr,: 8.16 cr,: 12.81 cr,: 17.51 cr,: 26.28 cr,Drama,"03 August, 2018 | 2 hrs 20 mins","Banner : Benaras Media Works, Soham Rockstar Entertainment",Anubhav Sinha,https://www.bollywoodmdb.com/celebrities/anubhav-sinha/4215,"Producer : Deepak Mukut , Anubhav Sinha",One family member tries to help her own family which are trapped in a dark controversy.,"Star : Rishi Kapoor , Taapsee Pannu, Rajat Kapoor"
Karwaan,https://www.bollywoodmdb.com/movies/karwaan/16418,: 1.60 cr,: 8.10 cr,: 12.40 cr,: 16.55 cr,: 22.87 cr,"Drama, Comedy","03 August, 2018 | 2 hrs","Banner : RSVP, Ishka Films",Akarsh Khurana,https://www.bollywoodmdb.com/celebrities/akarsh-khurana/28480,"Producer : Ronnie Screwvala , Priti Gupta","The movie depicts a journey carried out from Bangalore to Kochi by two friends, the reserved Avinash played by Dulquer Salmaan, and his friend Shaukat played by Irrfan Khan with a lighter take on life, who pick up the chirpy teenager Mithila on the way.","Star : Irrfan Khan , Dulquer Salmaan, Mithila Palkar"
Dhadak,https://www.bollywoodmdb.com/movies/dhadak/16410,: 8.71 cr,: 33.67 cr,: 51.56 cr,: 69.16 cr,: 109.88 cr,"Drama, Romance","20 July, 2018 | 2 hrs 18 mins","Banner : Dharma Productions, Zee Studios",Shashank Khaitan,https://www.bollywoodmdb.com/celebrities/shashank-khaitan/30999,"Producer : Karan Johar , Zee Studios, Hiroo Johar","Set in Rajasthan, this love story explores how the protagonists deal with issues like differences between castes and honor killings.","Star : Ishaan Khatter , Janhvi Kapoor, Ashutosh Rana"
Soorma,https://www.bollywoodmdb.com/movies/sandeep-singh-biopic/16415,: 3.20 cr,: 13.85 cr,: 21.21 cr,: 30.11 cr,: 38.14 cr,"Biographical, Sports","13 July, 2018 | 2 hrs 11 mins","Banner : Sony Pictures Networks Productions, CS Films",Shaad Ali,https://www.bollywoodmdb.com/celebrities/shaad-ali/5026,"Producer : Sony Pictures Networks Productions , Chitrangada Singh, Deepak Singh","Soorma is the story of the triumph of the human spirit, about a player, who made headlines for his miraculous comeback after facing a near death experience through sheer determination, hard work and unrelenting passion for the sport.","Star : Diljit Dosanjh , Taapsee Pannu, Angad Bedi"
Sanju,https://www.bollywoodmdb.com/movies/sanjay-dutt-s-biopic/16346,: 34.75 cr,: 120.06 cr,: 202.51 cr,: 341.22 cr,: 579 cr,Biographical,"29 June, 2018 | 2 hrs 42 mins","Banner : Vinod Chopra Films, Rajkumar Hirani Films, Fox Star Studios",Rajkumar Hirani,https://www.bollywoodmdb.com/celebrities/rajkumar-hirani/10926,"Producer : Vidhu Vinod Chopra , Rajkumar Hirani","A biopic of the controversial life of actor Sanjay Dutt: his film career, jail sentence and personal life.","Star : Ranbir Kapoor , Paresh Rawal, Manisha Koirala"
Race 3,https://www.bollywoodmdb.com/movies/race-3/16378,: 29.17 cr,: 106.47 cr,: 144.51 cr,: 161.04 cr,: 300.04 cr,"Action, Thriller","15 June, 2018 | 2 hrs 40 mins","Banner : Tips Music Films, Salman Khan Films",Remo D'Souza,https://www.bollywoodmdb.com/celebrities/remo-d-souza/23614,"Producer : Salma Khan , Ramesh S. Taurani",Revolves around a family that deals in borderline crime; ruthless and vindictive to the core.,"Star : Salman Khan , Jacqueline Fernandez, Anil Kapoor"
Veere Di Wedding,https://www.bollywoodmdb.com/movies/veere-di-wedding/16193,: 10.70 cr,: 36.52 cr,: 56.96 cr,: 80.23 cr,: 88.64 cr,Comedy,"01 June, 2018 | 2 hrs 5 mins","Banner : Anil Kapoor Film Company, Balaji Motion Pictures",Shashanka Ghosh,https://www.bollywoodmdb.com/celebrities/shashanka-ghosh/13905,"Producer : Shobha Kapoor , Anil Kapoor, Ekta Kapoor",Four girls on their way to find true love discover that friendship this strong has its consequences.,"Star : Kareena Kapoor , Sonam Kapoor, Swara Bhaskar"
Parmanu: The Story of Pokhran,https://www.bollywoodmdb.com/movies/parmanu-the-story-of-pokhran/16344,: 4.82 cr,: 20.78 cr,: 35.41 cr,: 65.36 cr,: 70.82 cr,Action,"25 May, 2018 | 2 hrs 10 mins","Banner : Zee Studios, JA Entertainment, Kyta Productions",Abhishek Sharma,https://www.bollywoodmdb.com/celebrities/abhishek-sharma/13382,"Producer : Zee Studios , John Abraham, Kyta Productions","A look at India's second confidential nuclear test series at Pokhran lead by Dr. APJ Abdul Kalam, during the time of PM Atal Bihari Vajpayee's tenure.","Star : John Abraham , Diana Penty, Boman Irani"
Raazi,https://www.bollywoodmdb.com/movies/raazi/16354,: 7.53 cr,: 32.94 cr,: 56.59 cr,: 123.17 cr,: 183.87 cr,"Drama, Social, Thriller","11 May, 2018 | 2 hrs 20 mins","Banner : Dharma Productions, Junglee Pictures",Meghna Gulzar,https://www.bollywoodmdb.com/celebrities/meghna-gulzar/4641,"Positive Points: Performances, Direction, Screenplay","Based on a true event, Raazi revolves around Sehmat (Alia Bhatt), a young and simple girl whose life witnesses drastic changes when she is sent to Pakistan in 1971, to glean highly secret intelligence information from the Pakistan Army, ahead before the danger of a war between India and Pakistan looms large over both the countries.",Negative Points: Editing
102 Not Out,https://www.bollywoodmdb.com/movies/102-not-out/16072,: 3.52 cr,: 16.65 cr,: 27.70 cr,: 51.79 cr,: 77.82 cr,Comedy,"04 May, 2018 | 1 hrs 41 mins","Banner : Treetop Entertainment, Benchmark Pictures, Sony Pictures",Umesh Shukla,https://www.bollywoodmdb.com/celebrities/umesh-shukla/7579,"Positive Points: Performances, Direction, Screenplay","Aged 102, Dattatraya Vakharia (Amitabh Bachchan) is a sprightly peppy man who wants to break the record for the oldest person in the world, which was once held by a Chinese man. When he tries to find out what led the Chinese man live so long, he comes to know that he never had company of boring things or people. When Dattatraya looks around, the only boring person he finds in his house is his 75-year-old son Babulal Vakharia (Rishi Kapoor). ... full 102 Not Out Review",Negative Points: None
Omerta,https://www.bollywoodmdb.com/movies/omerta/16259,: 0.54 cr,: 2.63 cr,: 3.63 cr,: 3.63 cr,: 4 cr,Drama,"04 May, 2018 | 1 hrs 38 mins",Banner : Swiss Entertainment Pvt. Ltd.,Hansal Mehta,https://www.bollywoodmdb.com/celebrities/hansal-mehta/4454,"Positive Points: Performances, Direction","The film revolves around the journey of well-educated British terrorist Omar Sheikh (Rajkummar Rao) and how he became what he was for the world, a perpetrator booked for his involvement in the terror strike of 9/11, kidnapping and murdering American journalist Daniel Pearl? The film very ingeniously sheds light on various aspects of his life.",Negative Points: Pace
Nanu Ki Jaanu,https://www.bollywoodmdb.com/movies/nanu-ki-jaanu/16392,: 0.75 cr,: 3.10 cr,: 4 cr,: 4.09 cr,: ---,Comedy,"20 April, 2018 | 2 hrs 13 mins","Banner : Inbox Pictures Pvt. Ltd., PVR Pictures",Faraz Haider,https://www.bollywoodmdb.com/celebrities/faraz-haider/30252,"Positive Points: Dialogues, Performance by Abhay Deol",Nanu (Abhay Deol) is a land mafia who illegally grabs people's property with the help of his friends. But his life witnesses a 360 degree change after he takes an injured girl (Patralekha) to hospital. Some unusually inexplicable things start happening with him and soon he realizes that he is not the only one living in his flat. There is an uninvited guest also.,"Negative Points: Story, Editing"
October,https://www.bollywoodmdb.com/movies/october/16370,: 5.04 cr,: 20.25 cr,: 30.24 cr,: 45.36 cr,: 54.23 cr,"Drama, Romance","13 April, 2018 | 1 hrs 56 mins","Banner : Rising Sun Films, Kino Works",Shoojit Sircar,https://www.bollywoodmdb.com/celebrities/shoojit-sircar/5085,"Positive Points: Performances, Direction","Dan (Varun Dhawan), who is always lost in his own world, is a hotel management intern at one of the five star hotels in Delhi. Most of his college friends, including Shiuli Iyer (Banita Sandhu), are also interning at the same hotel. It was the New Year eve when something unexpected happens and Shiuli ends up in hospital, fighting for her dear life. Shiuli's condition changes Dan's whole life forever thereupon. What happens next, you can find out by watching the ... full October Review",Negative Points: Nothing
Blackmail,https://www.bollywoodmdb.com/movies/raita/16311,: 2.81 cr,: 11.22 cr,: 16.92 cr,: 19.11 cr,: 28.6 cr,Comedy,"06 April, 2018 | 2 hrs 19 mins","Banner : T-Series Super Cassettes Industries Ltd., RDP Motion Pictures",Abhinay Deo,https://www.bollywoodmdb.com/celebrities/abhinay-deo/24196,"Positive Points: Performances, Script, Screenplay","As the name suggests itself, Blackmail is all about blackmails. Dev Kaushal (Irrfan Khan) is a middle-aged, middle-class man who works in a private company run by DK (Omi Vaidya). Everything is hunky-dory in his world until, on an unfortunate evening, he returns home early and finds his wife Reena (Kirti Kulhari) with another man Ranjit (Arunoday Singh). Instead of confronting his wife and her lover, he decides ... full Blackmail Review",Negative Points: Second-half could have been trimmed better
Baaghi 2,https://www.bollywoodmdb.com/movies/baaghi-2/16289,: 25.10 cr,: 73.10 cr,: 112.85 cr,: 165.50 cr,: 251.31 cr,"Action, Romance","30 March, 2018 | 2 hrs 25 mins","Banner : Nadiadwala Grandson Entertainment, Fox Star Studios",Ahmed Khan,https://www.bollywoodmdb.com/celebrities/ahmed-khan/4219,"Positive Points: Action, Performances, Background Score","Ranveer Pratap Singh aka Ronny (Tiger Shroff) is an army officer with a past. He is posted in Kashmir when, on a tumultuous day, he receives a message from ex-girlfriend Neha (Disha Patani) who is now married to a business (Darshan Kumar). Ronny packs his bags and lands in Goa to meet her, where she tells him about the kidnapping of her 3-year-old daughter. Neha implores Ronny to help her find her daughter. ... full Baaghi 2 Review",Negative Points: Story and Screenplay
Hichki,https://www.bollywoodmdb.com/movies/hichki/16300,: 3.30 cr,: 15.35 cr,: 26.10 cr,: 46.17 cr,: 75.76 cr,"Drama, Social","23 March, 2018 | 2 hrs 20 mins",Banner : Yash Raj Films,Siddharth P Malhotra,https://www.bollywoodmdb.com/celebrities/siddharth-p-malhotra/34864,"Positive Points: Performances, Direction, Screenplay, Dialogues","Inspired by the 2008 film Front of the Class, which was based on the book of the same name, Hichki revolves around Naina Mathur, a woman with Tourette syndrome. She has only one dream in life - to become a teacher. However, no prestigious school wants to take onboard a teacher having Tourette syndrome. Naina has never been the woman who gives up so easily. Coming from a dysfunctional family, she knows how to face ... full Hichki Review",Negative Points: Story
Raid,https://www.bollywoodmdb.com/movies/raid/16374,: 10.04 cr,: 41.01 cr,: 63.05 cr,: 101.54 cr,: 142.73 cr,"Crime, Thriller","16 March, 2018 | 2 hrs 8 mins","Banner : T-Series Super Cassettes Industries Ltd., Panorama Studios",Rajkumar Gupta,https://www.bollywoodmdb.com/celebrities/rajkumar-gupta/9615,"Positive Points: Performances, Direction, Screenplay, Dialogues","Raid is inspired from some real-life incidents which led to one of the most high-profile Income Tax raids in India. Amay Patnaik (Ajay Devgn) is an honest Income Tax Officer who loves his wife Malini (Ileana D'Cruz) unconditionally. But more than his wife, he loves his job and all the responsibilities which come attached with it. Amay can go to any extent when it comes to nabbing the collar of those powerful people ... full Raid Review",Negative Points: Editing
Hate Story IV,https://www.bollywoodmdb.com/movies/hate-story-4/16263,: 3.76 cr,: 12.57 cr,: 20.04 cr,: 20.04 cr,: 26 cr,Thriller,"09 March, 2018 | 2 hrs 11 mins",Banner : T-Series Super Cassettes Industries Ltd.,Vishal Pandya,https://www.bollywoodmdb.com/celebrities/vishal-pandya/22562,"Positive Points: Music, Cinematography, Locations",Rajveer Khurana (Karan Wahi) is a well-known fashion photographer in London while his elder brother Aryan Khurana (Vivan Bhatena) is into advertising business. They are the sons of politician Vikram Khurana (Gulshan Grover) who is set to contest the election to the post of Mayor of London. Aryan and his girlfriend (Ihana Dhillon) are looking for a fresh face for their upcoming advertising campaign. ... full Hate Story IV Review,"Negative Points: Story, Execution, Performances, Dialogues"
Pari,https://www.bollywoodmdb.com/movies/pari/16323,: 4.36 cr,: 15.34 cr,: 22.75 cr,: 22.75 cr,: 40.31 cr,Horror,"02 March, 2018 | 2 hrs 17 mins","Banner : Clean Slate Films, KriArj Entertainment, Kyta Productions",Prosit Roy,https://www.bollywoodmdb.com/celebrities/prosit-roy/34989,"Positive points: Screenplay, Performances, Direction and Cinematography.","Ruksana aka Pari (Anushka Sharma) meets Arnab (Parambrata Chatterjee) after he accidentally kills her mother. Her mother used to be an exorcist and Ruksana too is a devilish girl which Arnab has no clue about. After her mother’s death, Ruksana starts living with Arnab as he finds himself guilty for killing her mother. The only motive of the demons of the exorcist society wherein Ruksana belongs is to grow their ... full Pari Review",Negative Points: Over the top loud sound effects
Welcome To New York,https://www.bollywoodmdb.com/movies/boom-boom-in-new-york/16432,: 01.00 cr,: 03.00 cr,: 03.00 cr,: 03.00* cr,: 4 cr,Comedy,"23 February, 2018 | 2 hrs 4 mins","Banner : Pooja Entertainment India Ltd., WIZ Films",Chakri Toleti,https://www.bollywoodmdb.com/celebrities/chakri-toleti/35062,"Positive Points: Performances by Diljit Dosanjh, Lara Dutta, and Boman Irani","The movie revolves around two people, Jeenal Patel (Sonakshi Sinha) from Gujarat and Teji Singh (Diljit Dosanjh) from Punjab, and the IIFA Awards 2017. Jeenal and Teji get selected as the winners of a talent hunt that is held by IIFA and they both win a chance to get a visit to the award function which is being held in New York. Jeenal is a fashion designer while Teji is an aspiring ... full Welcome To New York Review","Negative Points: Story, Screenplay, Direction"
Sonu Ke Titu Ki Sweety,https://www.bollywoodmdb.com/movies/luv-ranjan-bhushan-kumar-s-next/16256,: 6.42 cr,: 26.57 cr,: 45.94 cr,: 108.71 cr,: 148.48 cr,Comedy,"23 February, 2018 | 2 hrs 20 mins","Banner : Luv Films, T-Series",Luv Ranjan,https://www.bollywoodmdb.com/celebrities/luv-ranjan/25277,"Positive Points: Performances, Direction, Dialogues, Cinematography","Titu (Sunny Singh) and Sonu (Kartik Aaryan) are best of friends who are inseparable. However, their envious friendship is put to test when Sweety (Nushrat Bharucha), who works for an NGO, enters their lives. After getting dumped by his girlfriend of many years, Titu decides to settle down with Sweety as she comes across as a perfect, marriage material woman he ... full Sonu Ke Titu Ki Sweety Review",Negative Points: Relies a little too much on the usual quota of jokes
Aiyaary,https://www.bollywoodmdb.com/movies/aiyaary/16313,: 3.36 cr,: 11.70 cr,: 16.14 cr,: 17.79 cr,: 29.23 cr,"Action, Thriller","16 February, 2018 | 2 hrs 40 mins","Banner : Reliance Entertainment, A Friday Filmworks, Plan C Studios",Neeraj Pandey,https://www.bollywoodmdb.com/celebrities/neeraj-pandey/24309,"Positive Points: Screenplay, Performances, Direction","Major Jai Bakshi (Sidharth Malhotra), who works for a Special Covert Team of Indian Army, gets his hands on some very sensitive information about some big and powerful people sitting in power and army. The information, if gets leaked, can shake people's faith in the Indian Army and tarnish its image forever. No one exactly knows that where has Jay gone and what will he do with the information. ... full Aiyaary Review","Negative Points: Slow First Half, Editing"
Pad Man,https://www.bollywoodmdb.com/movies/padman/16278,: 10.26 cr,: 40.05 cr,: 62.87 cr,: 80 cr,: 120.56 cr,Social,"09 February, 2018 | 2 hrs 20 mins","Banner : Mrs Funnybones Movies, KriArj Entertainment, Hope Productions",R. Balki,https://www.bollywoodmdb.com/celebrities/r-balki/12359,"Positive Points: Performances, Direction, Writing","Inspired from the life of Arunachalam Muruganantham, a Tamil Nadu-based social activist who created a low-cost sanitary napkins machine for rural women in India, Pad Man revolves around Laxmikant (Akshay Kumar), a simple, unlettered but innovative man living in a small village on the bank of river Narmada in Madhya Pradesh. He has just married Gayatri (Radhika Apte) and loves her unconditionally. Everything is hunkydory in ... full Pad Man Review",Negative Points: Editing
Padmaavat,https://www.bollywoodmdb.com/movies/padmavati/16249,: 24 cr,: 114 cr,: 166.50 cr,: 300.26 cr,: 585 cr,"Historical, Drama, Action","25 January, 2018 | 2 hrs 43 mins","Banner : Viacom18 Motion Pictures, Bhansali Productions",Sanjay Leela Bhansali,https://www.bollywoodmdb.com/celebrities/sanjay-leela-bhansali/614,"Positive Points: Direction, Screenplay, Dialogues, Costumes, Sets","Padmaavat is based on Sufi poet Malik Muhammad Jayasi’s epic poem of the same name. The film starts off in Afghanistan where Jalaluddin Khilji (Raza Murad) is dreaming of dethroning the current king of Delhi Sultanate and become the new Sultan. His nephew and son-in-law Alauddin Khilji (Ranveer Singh) helps him fulfill his coveted dream but over ambitious Alauddin has his own wicked plans in store. Soon, he ... full Padmaavat Review","Negative Points: Story, CGI"
1921,https://www.bollywoodmdb.com/movies/1921/16349,: 1.56 cr,: 6.45 cr,: 11.58 cr,: 15.67 cr,: 23.40 cr,Horror,"12 January, 2018 | 2 hrs 24 mins","Banner : Reliance Entertainment, Motion Picture Capital",Vikram Bhatt,https://www.bollywoodmdb.com/celebrities/vikram-bhatt/5243,"Positive Points: Performances, Direction, Music, Cinematography, Background Score","Impressed by a musical performance of one of his staffs’ son, Ayush (Karan Kundra) on piano, hotelier Mr Wadia (Vikram Bhatt) decides to send him to London to learn music. However, the big-hearted man has a condition - that Ayush will have to stay at his sprawling Wadia Maron in York, London, and take care of the place. Ayush agrees and reaches York and enrolls himself in the York College of Music. ... full 1921 Review","Negative Points: Story, Editing, Second Half"
Kaalakaandi,https://www.bollywoodmdb.com/movies/kaalagandi/16251,: 1.25 cr,: 3.85 cr,: 5.77 cr,: 5.77 cr,: 6.5 cr,Drama,"12 January, 2018 | 1 hrs 52 mins","Banner : Cinestaan Film Company, Flying Unicorn Entertainment",Akshat Verma,https://www.bollywoodmdb.com/celebrities/akshat-verma/34691,"Positive Points: The actors, especially Saif Ali Khan",The movie revolves around the lives of 6 people in Mumbai city and is just about a one night story. Akshat Verma has tried to sum up the movie by showing what Kaalakaandi the 6 characters do and in just one night how they screw up their lives by doing things they have never done before.,Negative Points: The direction and execution
Mukkabaaz,https://www.bollywoodmdb.com/movies/mukkabaaz/16361,: 0.82 cr,: 4.04 cr,: 6.73 cr,: 8.87 cr,: 13 cr,"Drama, Sports","12 January, 2018 | 2 hrs 35 mins","Banner : Eros International, Phantom Productions, Colour Yellow Productions Pvt Ltd",Anurag Kashyap,https://www.bollywoodmdb.com/celebrities/anurag-kashyap/4210,"Positive Points: Direction, Performances, Music","Mukkabaaz is the story of boxer Shravan Singh (Vineet Kumar Singh) from Bareilly, who falls in love with Sunaina Mishra (Zoya Hussain), the niece of Bhagwan Das Mishra (Jimmy Shergill). Bhagwan Das is a crooked and powerful man, who has a lot of clout over the area. To Shravan's dismay, he is also the head of the Boxing Federation and controls all the local boxers in the city. He doesn't like Shravan at all and tries his best to throw cold water ... full Mukkabaaz Review","Negative Points: Editing, Climax"
Tiger Zinda Hai,https://www.bollywoodmdb.com/movies/tiger-zinda-hai/16234,: 34.10 cr,: 114.93 cr,: 206.04 cr,: 339.16 cr,: 558 cr,"Action, Thriller","22 December, 2017 | 2 hrs 41 mins",Banner : Yash Raj Films,Ali Abbas Zafar,https://www.bollywoodmdb.com/celebrities/ali-abbas-zafar/23837,"Positive Points: Performances, Screenplay, Direction, Action","It has been 8 years since RAW has not contacted Tiger (Salman Khan), who is currently living a peaceful life in Austria with his wife Zoya (Katrina Kaif) and son. RAW finds out his whereabouts as they need him badly to save 25 Indian nurses from the clutches of ISC that has held them as hostages at Ikrit in Iraq. ISC is spearheaded by Abu Usman (Sajjad Delafrooz), a wanted ... full Tiger Zinda Hai Review",Negative Points: None
Fukrey Returns,https://www.bollywoodmdb.com/movies/fukrey-returns/16308,: 8.10 cr,: 32.20 cr,: 50.55 cr,: 80.13 cr,: 101.78 cr,Comedy,"08 December, 2017 | 2 hrs 11 mins",Banner : Excel Entertainment,Mrigdeep Singh Lamba,https://www.bollywoodmdb.com/celebrities/mrigdeep-singh-lamba/28277,"Hunny, Choocha, Zafar, Lali and Panditji are looking out for a treasure to save their lives from Bholi Punjaban.","Negative Points: A bit stretched second half, Editing","Positive Points: Performances, Story, Dialogues, Screenplay"
Firangi,https://www.bollywoodmdb.com/movies/firangi/16292,: 1.85 cr,: 6.60 cr,: 9.50 cr,: 9.50 cr,: 10.30 cr,Comedy,"01 December, 2017 | 2 hrs 40 mins",Banner : K9 Films,Rajiev Dhingra,https://www.bollywoodmdb.com/celebrities/rajiev-dhingra/35531,"Manga wants to marry Sargi from the nearby village, but when the grandfather of the girl comes to know that he works for a British officer, he turns down the marriage proposal. How Manga convinces his girlfriend ‘s grandfather for marriage is what forms the crux of the story.","Negative Points: Editing, Story, Screenplay","Positive Points: Performances, Dialogues"
Tumhari Sulu,https://www.bollywoodmdb.com/movies/tumhari-sulu/16264,: 2.87 cr,: 12.87 cr,: 19.78 cr,: 34.14 cr,: 50.80 cr,"Comedy, Drama","17 November, 2017 | 2 hrs 20 mins","Banner : Ellipsis Entertainment, T-Series Super Cassettes Industries Ltd.",Suresh Triveni,https://www.bollywoodmdb.com/celebrities/suresh-triveni/34736,It’s the story of a simple yet full-of-life housewife Sulochana who witnesses her life taking a 360 turn when she unexpectedly lands a job of the late-night Radio Jockey at a popular radio channel in Mumbai.,Negative Points: Slow second half,"Positive Points: Performances, Dialogues, Screenplay"
Aksar 2,https://www.bollywoodmdb.com/movies/aksar-2/16355,: 0.80 cr,: 2.90 cr,: 5.30 cr,: 5.60 cr,: 11 cr,Thriller,"17 November, 2017 | 1 hrs 57 mins",Banner : Siddhi Vinayak Creations,Anant Mahadevan,https://www.bollywoodmdb.com/celebrities/anant-mahadevan/4213,"Aksar 2 basically revolves around a bunch of shrewd and cunning people who want to forge the will of an ageing woman, Khambatta, to their advantage.",Negative Points: An overstretched second half,"Positive Points: Performances, Music, Cinematography, Locations"
Qarib Qarib Singlle,https://www.bollywoodmdb.com/movies/qareeb-qareeb-single/16383,: 1.75 cr,: 8.30 cr,: 12.15 cr,: 12.15 cr,: 17 cr,"Comedy, Romance","10 November, 2017 | 2 hrs 5 mins","Banner : Jar Pictures, Zee Studios",Tanuja Chandra,https://www.bollywoodmdb.com/celebrities/tanuja-chandra/5211,Two diametrically opposite people meet on a dating app which leads to an exhilaratingly crazy and equally adventurous life-changing trip.,"Negative Points: Editing, Story, Screenplay","Positive Points: Performances, Dialogues, Locations"
Ittefaq,https://www.bollywoodmdb.com/movies/ittefaq/16298,: 4.05 cr,: 16.05 cr,: 23.65 cr,: 27.40 cr,: 51.47 cr,Thriller,"03 November, 2017 | 1 hrs 47 mins","Banner : B R Films, Dharma Productions, Red Chillies Entertainment",Abhay Chopra,https://www.bollywoodmdb.com/celebrities/abhay-chopra/6212,"What happens when two witnesses turn out to be the prime suspects in a high-profile double murder case in Mumbai? To know, watch the film.",Negative Points: At times it knowingly exploits the cliches of regular Bollywood movies.,"Positive Points: Screenplay, Direction, Performances"
Golmaal Again,https://www.bollywoodmdb.com/movies/golmaal-4/15270,: 30.14 cr,: 87.60 cr,: 136.07 cr,: 205.52 cr,: 309.37 cr,Comedy,"20 October, 2017 | 2 hrs 31 mins",Banner : Reliance Entertainment,Rohit Shetty,https://www.bollywoodmdb.com/celebrities/rohit-shetty/4858,Golmaal Again is a horror-comedy film revolving around a bunch of friends who have just come to know that the palatial house they are living in on rent is haunted by a ghost.,Negative Points: The film recycles far too many jokes and has a stunted script,"Positive Points: Performances, Direction, Cinematography, Art Direction"
Secret Superstar,https://www.bollywoodmdb.com/movies/secret-superstar/16224,: 4.80 cr,: 31.10 cr,: 41.59 cr,: 59.34 cr,: 547 cr,"Drama, Musical","19 October, 2017 | 2 hrs 30 mins","Banner : Zee Studios, Aamir Khan Productions",Advait Chandan,https://www.bollywoodmdb.com/celebrities/advait-chandan/25097,The film revolves around a Muslim girl Insia’s dreams of becoming a singer and what challenges she faces to fulfill her dreams.,Negative Points: Editing,"Positive Points: Riveting Performances, Solid Story, Taut Screenplay, Brilliant Direction"
Chef,https://www.bollywoodmdb.com/movies/chef/16170,: 1.05 cr,: 4 cr,: 5.60 cr,: 6.37 cr,: 5 cr,Drama,"06 October, 2017 | 2 hrs 13 mins",Banner : T-Series,Raja Krishna Menon,https://www.bollywoodmdb.com/celebrities/raja-krishna-menon/32744,The film revolves around a man who leaves his successful career as a Chef to connect with his life and the people who matters to him most.,Negative Points: Editing,"Positive Points: Performances, story, screenplay, direction"
Judwaa 2,https://www.bollywoodmdb.com/movies/judwaa-2/14627,: 16.10 cr,: 59.25 cr,: 98.08 cr,: 138.47 cr,: 215 cr,Comedy,"29 September, 2017 | 2 hrs 30 mins","Banner : Nadiadwala Grandson Entertainment, Fox Star Studios",David Dhawan,https://www.bollywoodmdb.com/celebrities/david-dhawan/4384,"Two twins, separated at birth, meet in their prime to protect their family from the goon who set them apart years ago.",Negative Points: Some dated jokes here and there which fail to elicit any laughter.,"Positive Points: Varun Dhawan’s Performance, Cinematography and Direction"
Newton,https://www.bollywoodmdb.com/movies/newton/16288,: 0.96 cr,: 6.90 cr,: 11.83 cr,: 22.79 cr,: 65 cr,"Comedy, Drama","22 September, 2017 | 1 hrs 47 mins","Banner : Eros International, Colour Yellow Productions Pvt Ltd, Drishyam Films",Amit Masurkar,https://www.bollywoodmdb.com/celebrities/amit-masurkar/27166,A newly recruited government employee is entrusted with the responsibility of carrying out fair election in a naxal hit area.,Negative Points: Sluggish pace of the film.,"Positive Points: Performances, dialogues and story."
Bhoomi,https://www.bollywoodmdb.com/movies/bhoomi/16260,: 2.25 cr,: 7.48 cr,: 10.28 cr,: 10.63 cr,: 15.68 cr,Drama,"22 September, 2017 | 2 hrs 15 mins","Banner : T-Series Super Cassettes Industries Ltd., Legend Studios",Omung Kumar,https://www.bollywoodmdb.com/celebrities/omung-kumar/13163,A gritty revenge story of attaining redemption of pride and justice featuring striking performances!,"Negative Points: Predictable plotline, slower first half, multiple loopholes in the storyline and film’s running time!","Positive Points: An ensemble performance by cast, cinematography, gritty action scenes and a stellar performance by Sanjay Dutt!"
Haseena Parkar,https://www.bollywoodmdb.com/movies/haseena-the-queen-of-mumbai/16088,: 1.87 cr,: 6.10 cr,: 8 cr,: 8.03 cr,: 9 cr,"Biographical, Crime","22 September, 2017 | 2 hrs 4 mins",Banner : Swiss Entertainment Pvt. Ltd.,Apoorva Lakhia,https://www.bollywoodmdb.com/celebrities/apoorva-lakhia/4198,"Haseena Parkar is based on the real-life story of Dawood Ibrahim’s sister Haseena Parkar who took the reigns of his underworld business in Mumbai, the financial capital of India.",Negative Points: Almost all actors are misfit in their roles.,Positive Points: Cinematography and art direction.
Lucknow Central,https://www.bollywoodmdb.com/movies/lucknow-central/16267,: 2.04 cr,: 8.42 cr,: 10.42 cr,: 11.20 cr,: 16.95 cr,Thriller,"15 September, 2017 | 2 hrs 27 mins","Banner : Viacom18 Motion Pictures, Emmay Entertainment Pvt. Ltd",Ranjit Tiwari,https://www.bollywoodmdb.com/celebrities/ranjit-tiwari/29193,"Inspired by the true events, the film revolves about a couple of under-trials who plan to execute a big escape from jail while being a part of a musical band.",Negative Points: Climax is a letdown.,"Positive Points: Amazing screenplay, perfect casting, riveting performances and commendable direction."
Simran,https://www.bollywoodmdb.com/movies/simran/16090,: 2.77 cr,: 10.65 cr,: 15.48 cr,: 17.26 cr,: 27.69 cr,Drama,"15 September, 2017 | 2 hrs 4 mins","Banner : T-Series Super Cassettes Industries Ltd., Karma Features Pvt. Ltd.",Hansal Mehta,https://www.bollywoodmdb.com/celebrities/hansal-mehta/4454,The bitter-sweet slice of life tale of a young girl Praful Patel who turns to gambling and robbery due to unforeseen circumstances haunting her.,Simran Negative Points: The film is a ... full Simran Review,Simran Positive Points: Kangana Ranaut’s flawless performance that enlivens Praful’s character. The undertone of the movie is kept positive and is balanced well with the downsides that reflect in the plot. The first half is fast paced and intriguing. Another interesting aspect is its unpredictable climax.
Poster Boys,https://www.bollywoodmdb.com/movies/poster-boys/16269,: 1.75 cr,: 7.25 cr,: 11.20 cr,: 12.73 cr,: 18.61 cr,Comedy,"08 September, 2017 | 2 hrs 11 mins","Banner : Sony Pictures Networks Productions, Sunny Sounds Pvt Ltd, Affluence Movies Pvt. Ltd.",Shreyas Talpade,https://www.bollywoodmdb.com/celebrities/shreyas-talpade/664,"Three men, on an eventful day, find their pictures on posters promoting ‘nasbandi’ (vasectomy). How they tackle the situation and prove they haven't undergone any operation is what forms the crux of the story.",Negative Points: Second half needed some trimming.,"Positive Points: Terrific comic timing of characters, screenplay and dialogues."
